Ngay,ETF_VN30,SP500,VANG,BITCOIN
2016-08-31,,,,
2016-09-30,0.02452830188679256,-0.0012344511393173052,0.00489710329367532,0.05953895478755822
2016-10-31,-0.03130755064456725,-0.01942567890903446,-0.03182825498668318,0.14963386012549873
2016-11-30,-0.03707224334600756,0.034174521829295035,-0.079197759474538,0.06379569384552086
2016-12-31,0.003948667324777944,0.01820076244186586,-0.017765671302238273,0.2924160384029304
2017-01-31,0.027531956735496577,0.01788435819838252,0.05095650050951095,0.0069105916320904015
2017-02-28,0.03540669856459333,0.03719816006681631,0.03640575946451463,0.21595868139061847
2017-03-31,0.0443622920517559,-0.0003891971352694146,-0.004231140716199788,-0.09168024129983776
2017-04-30,-0.01415929203539823,0.009091208748854607,0.015072497411890318,0.2576064019287243
2017-05-31,0.04219030520646316,0.011576251246328662,0.0046599988372419965,0.6962881891411046
2017-06-30,0.0818260120585701,0.004813775207812565,-0.024606956625884413,0.08503732193929925
2017-07-31,-0.01671974522292996,0.019348826001101882,0.020875332822895,0.15901871383230914
2017-08-31,0.02267206477732797,0.000546433019853243,0.03915993726669087,0.6357682892979797
2017-09-30,0.029295328582739533,0.019302978562167672,-0.02636373838259154,-0.07753559989298775
2017-10-31,0.06000000000000005,0.02218813506615125,-0.011314865392118567,0.49085787263504255
2017-11-30,0.13497822931785186,0.028082627806563343,0.004893410553965971,0.5820913616777115
2017-12-31,0.03452685421994883,0.009831630594270502,0.025997564346263102,0.3833256069209823
2018-01-31,0.11248454882571068,0.05617870412552817,0.025032496325182008,-0.2779873889308847
2018-02-28,0.0,-0.0389473718793677,-0.0175504107542942,0.01729762824029568
2018-03-31,0.04888888888888898,-0.02688449860055664,0.005549257946123154,-0.3293328919130871
2018-04-30,-0.12076271186440679,0.0027187749953683227,-0.004989490030709476,0.3250893147910252
2018-05-31,-0.048192771084337394,0.0216083418545836,-0.01223216546361583,-0.18899090635565918
2018-06-30,0.0056962025316456,0.00484243626760783,-0.037535518555654956,-0.14546906905498158
2018-07-31,-0.021397105097545666,0.03602155617289915,-0.022057137840039376,0.2149344068404513
2018-08-31,0.025723472668810254,0.030263211276748248,-0.019122254864308075,-0.09547787385747553
2018-09-30,0.02633228840125401,0.0042942874264617625,-0.007331540839906392,-0.058545695389234265
2018-10-31,-0.0824679291386683,-0.0694033560936963,0.01745702797156956,-0.046479119136965674
2018-11-30,-0.01997336884154466,0.01785935665477978,0.006516457993535951,-0.3641157587086258
2018-12-31,-0.02785326086956519,-0.09177689467997252,0.04761522699656795,-0.0683469654808112
2019-01-31,-0.0034940600978337066,0.07868440166582613,0.03238668603799488,-0.07612356891843053
2019-02-28,0.05189340813464227,0.029728889343927145,-0.005228387208488505,0.11481101020191953
2019-03-31,-0.020000000000000018,0.01792425624958849,-0.015082303543330622,0.06501500614248945
2019-04-30,0.0013605442176871652,0.03931349831373798,-0.007888593327049498,0.3033373026312973
2019-05-31,-0.01154891304347827,-0.0657777313668354,0.01792952847250917,0.6024930171574245
2019-06-30,-0.023367697594501746,0.0689301639982407,0.07956800310812806,0.26154910600902714
2019-07-31,0.035186488388458725,0.013128152166957952,0.011633698646601465,-0.067626591766352
2019-08-31,0.011556764106050332,-0.018091627240523933,0.06521281929185174,-0.045110118116522324
2019-09-30,0.03897849462365599,0.017181177931020697,-0.03515240950054355,-0.13880620170759905
2019-10-31,-0.005174644243208237,0.020431770513684056,0.031179692136612758,0.10920318227380199
2019-11-30,-0.04096228868660601,0.034047037714499906,-0.03030306212009004,-0.1771770232076748
2019-12-31,0.0006779661016949046,0.02858981890573009,0.03677676399558738,-0.0496762414464359
2020-01-31,-0.041327913279132766,-0.0016280928190489652,0.04172426746565483,0.29984019674608997
2020-02-29,-0.020494699646643078,-0.08411048363840312,-0.011876965404106432,-0.08031850219040493
2020-03-31,-0.22438672438672436,-0.12511928240892822,0.012339395901399985,-0.25127763815543147
2020-04-30,0.11627906976744184,0.1268440381652789,0.06366043021573997,0.34477896223547644
2020-05-31,0.12250000000000005,0.04528181966555822,0.03129086496263023,0.09268347920493625
2020-06-30,-0.012620638455827726,0.01838839651392421,0.03229890885911102,-0.034146858566219795
2020-07-31,-0.06766917293233088,0.055101321480443666,0.09470164463364483,0.23916341296986676
2020-08-31,0.11209677419354835,0.07006466690171775,0.002445448664359917,0.03155866679660524
2020-09-30,0.052936910804931125,-0.039227970178423055,-0.040709481896636146,-0.07673511599209437
2020-10-31,0.026170798898071723,-0.027665786221379718,-0.005350980442880848,0.27785306210931693
2020-11-30,0.09194630872483223,0.10754563544385909,-0.05417069986132983,0.4241232777902142
2020-12-31,0.10633066994468354,0.03712145909357001,0.06611478720635455,0.477731740726012
2021-01-31,-0.02777777777777779,-0.011136660755445171,-0.02419308401482434,0.14180671257315614
2021-02-28,0.12571428571428567,0.026091451377448394,-0.06452664434118571,0.36308750593940786
2021-03-31,0.020304568527918843,0.042438632533165155,-0.008274941820402448,0.30531110958991947
2021-04-30,0.0945273631840795,0.05242532134755851,0.031217177311076982,-0.019835020649767054
2021-05-31,0.12227272727272731,0.00548648867060697,0.07650084730180629,-0.3535455959448175
2021-06-30,0.046577561765897224,0.022214009565834747,-0.06922467867115634,-0.06139416614323989
2021-07-31,-0.047987616099071206,0.02274805482838871,0.023605108202631175,0.18793385485283132
2021-08-31,-0.020325203252032575,0.028990416255438634,0.001324078366097714,0.1331010952575873
2021-09-30,0.018672199170124415,-0.047569168801901096,-0.032892535080922825,-0.07157155076344934
2021-10-31,0.047250509164969534,0.0691438364006065,0.01578074995803025,0.4002672858735883
2021-11-30,0.003500583430571691,-0.008333706184746159,-0.005272027153147785,-0.07034580264960633
2021-12-31,0.0011627906976743319,0.04361291346206486,0.03039018107578384,-0.18768354629620299
2022-01-31,-0.0034843205574912606,-0.052585165027393854,-0.017783857729138153,-0.16894668246945244
2022-02-28,0.002331002331002363,-0.031360491945908286,0.0581615734897285,0.1223941500332939
2022-03-31,-0.019379844961240345,0.03577328837154625,0.02621876704101611,0.05430112933630005
2022-04-30,0.0,-0.08795671180434306,-0.020469886796252945,-0.17180562778839858
2022-05-31,0.0,5.317770464463578e-05,-0.03488194414341905,-0.15703524015723236
2022-06-30,0.0,-0.08391999993382682,-0.020947509962970123,-0.37768830820493093
2022-07-31,0.0,0.09111639173021002,-0.022836844814264845,0.17954101668545608
2022-08-31,0.0,-0.04244012827299837,-0.028419067951734434,-0.14085561097213029
2022-09-30,0.0,-0.09339567201327437,-0.02942551551685535,-0.030822039575552185
2022-10-31,0.0,0.0798634138370089,-0.015940808235575088,0.05475483351418764
2022-11-30,,0.053752893352493114,0.06730238641898212,-0.16233625149087516
2022-12-31,,-0.05897147407473047,0.042210739502792194,-0.03617484988577191
2023-01-31,,0.0617528578346791,0.060339644872449805,0.398355562196792
2023-02-28,,-0.02611249393181858,-0.05213784689605472,0.00034877106732977836
2023-03-31,,0.03505161257710898,0.0766034084508378,0.23031275933019146
2023-04-30,,0.014642341662481018,0.010716087143695985,0.027751556410733347
2023-05-31,,0.002482347368192972,-0.013165143205512098,-0.070011342199917
2023-06-30,,0.06472746490423464,-0.02179339492645227,0.11967798146804087
2023-07-31,,0.031138932355010862,0.025714447473768498,-0.04092037651288716
2023-08-31,,-0.017716390070854016,-0.0163918035159224,-0.11285070504336647
2023-09-30,,-0.048719367465624885,-0.046486419283759295,0.039968549920561314
2023-10-31,,-0.02197968873798295,0.07418428515614806,0.28551947543569023
2023-11-30,,0.08917926878197013,0.026647202153533778,0.08783270039094293
2023-12-31,,0.04422923115636013,0.011922833545408684,0.12071360157473277
2024-01-31,,0.015895707598991615,-0.006788208234537851,0.007510151676246579
2024-02-29,,0.05172064062372317,-0.0013180781588525425,0.43716858418659976
2024-03-31,,0.031018779915342964,0.08393212849886278,0.16561329171152273
2024-04-30,,-0.04161507173789869,0.033372419617130555,-0.14995437921729393
2024-05-31,,0.0480211901511991,0.013747054788550983,0.11304277803921714
2024-06-30,,0.03466980128308328,0.0020664036462707536,-0.07131456883230869
2024-07-31,,0.011321316887868749,0.04244535416963191,0.030966973402063003
2024-08-31,,0.022834706936630367,0.027735441511693715,-0.08742521094720224
2024-09-30,,0.020196884090601275,0.05706153101368083,0.07392927032290175
2024-10-31,,-0.009896743303151712,0.038769374221692354,0.10872796248193972
2024-11-30,,0.057301295482098835,-0.02968997092298853,0.3736209803256596
2024-12-31,,-0.02499013704848363,-0.010462946491578862,-0.03131032825862812
2025-01-31,,0.0270163042404441,0.06971704405609214,0.09607082167329573
2025-02-28,0.014529914529914478,-0.014242092699825126,0.008640017361111196,-0.17608526437187266
2025-03-31,0.0033698399326032025,-0.05754469768137538,0.10081782116372495,-0.021619399346929025
2025-04-30,-0.03904282115869018,-0.007624943346289825,0.058345058384461135,0.14123018539860022
2025-05-31,0.10484927916120568,0.06152382614078289,-0.004871436507186133,0.11072156686350643
2025-06-30,0.022538552787663146,0.049606839467715824,0.0016722916973181956,0.023865516830480216
2025-07-31,0.11330239752513527,0.0216665625306407,-0.0003642396817160609,0.08048574368152783
2025-08-31,0.13928447377561648,0.019066444295036122,0.054809912145106665,-0.06497588926270748
2025-09-30,0.0,0.035323687218701494,0.10567985226599852,0.053765260876786236
2025-10-31,0.04939024390243896,0.0226868719049238,0.03681522092952827,-0.039453588451788923
2025-11-30,-0.018884369552585656,0.0012996181666717899,0.05928879925935049,-0.1749043673304268
2025-12-31,0.06870002961208166,-0.0005241344225139777,0.025436857961000037,-0.031921083253993454
2026-01-31,-0.004987531172069848,0.013662958900920286,0.08976784629210033,-0.10156359224471101
2026-02-28,0.013645224171539905,-0.008668344740704326,0.10959080768757867,-0.14786431722631777
2026-03-31,-0.10879120879120874,-0.050932690968577,-0.1114424820464105,0.01847059111628857
2026-04-30,0.1057336621454994,0.10423338582985764,-0.00707890129366795,0.1182854461667826
2026-05-31,-0.003345413994981894,0.05147035515724263,-0.011745117346421585,-0.035707451443659055
2026-06-30,0.0033566433566434295,-0.010646379407113993,-0.11788183261840812,-0.20414367925930643
2026-07-31,-0.06049623640925561,-0.0012853961689047733,0.006512763416568257,0.07265999994129846
2026-08-31,0.004451038575667754,0.020219706085430778,0.13590669319487336,0.19227249160915272

